{"cameraMode":{"drawMode":0,"name":"Shaded","section":"Shading Mode"},"sceneLighting":false,"audioPlay":false,"sceneViewState":{"m_AlwaysRefresh":false,"showFog":true,"showSkybox":false,"showFlares":true,"showImageEffects":true,"showParticleSystems":true,"showVisualEffectGraphs":true,"m_FxEnabled":true},"in2DMode":false,"pivot":{"x":7.929999828338623,"y":6.535733222961426,"z":15.739601135253907},"rotation":{"x":-0.016168812289834024,"y":-0.926386833190918,"z":0.37475791573524477,"w":-0.046097591519355777},"size":5.514368057250977,"orthographic":false}