{"cameraMode":{"drawMode":0,"name":"Shaded","section":"Shading Mode"},"sceneLighting":false,"audioPlay":false,"sceneViewState":{"m_AlwaysRefresh":false,"showFog":true,"showSkybox":false,"showFlares":true,"showImageEffects":true,"showParticleSystems":true,"showVisualEffectGraphs":true,"m_FxEnabled":true},"in2DMode":false,"pivot":{"x":25.07135009765625,"y":-0.19141018390655518,"z":27.470001220703126},"rotation":{"x":-0.427665114402771,"y":-0.0021763734985142948,"z":0.0010331189259886742,"w":-0.9039605855941773},"size":6.317192554473877,"orthographic":false}